location,mid,lo,hi
Cambodia,0.997260106896876,0.996415861754779,0.997951147070779
Cameroon,0.926943691182012,0.920390688150665,0.932970956503199
Côte d'Ivoire,0.810660787318614,0.80672447503712,0.814518922566528
Mozambique,0.693098986586909,0.688710905955262,0.697707008038003
Sierra Leone,0.7416279516107,0.736880962199475,0.746325917613046
Uganda,0.936333610492925,0.934157157034262,0.938496201110585
All,0.896363712330374,0.559644946236804,0.980296079438845
