location,mid,lo,hi
All,0.722712148882152,0.628102296415129,0.781163973236402
Côte d'Ivoire,0.732969057644703,0.710857138843596,0.752192179507995
Cameroon,0.746929579097997,0.726140492522552,0.765638596983112
Cambodia,0.632952561689247,0.613966397698624,0.649051100965799
Mozambique,0.764026448722235,0.750755338479614,0.775895541624327
Sierra Leone,0.654635177653289,0.617973821098322,0.686013934880278
Uganda,0.864182942262083,0.857518508105783,0.870327863123063
