location,mid,lo,hi
Cambodia,0.00103113547142345,0.000641952837653914,0.00155510057278996
Cameroon,0.00439394026246743,0.00297823378306959,0.00628516680813897
Côte d'Ivoire,0.00289119839069535,0.00233680390545115,0.0035475353861766
Mozambique,0.00327859283437138,0.00265558767370774,0.00399962737949392
Sierra Leone,0.0059823022476305,0.00508563273210805,0.00701525113441426
Uganda,0.00099540281069694,0.00073149609851052,0.00132088722108702
All,0.00273834083786375,0.0011203120244071,0.00714517966530031
