location,mid,lo,hi
Cambodia,0.0360479739853412,0.0333582871885456,0.0390015802993381
Cameroon,0.905651226904014,0.861046455619824,0.951499722548978
Côte d'Ivoire,0.753809876406309,0.736948737295321,0.770815503565918
Mozambique,0.420338764411473,0.408867038257161,0.431681166470572
Sierra Leone,0.965046533339688,0.940039575559695,0.990163183842915
Uganda,0.31928328122252,0.31232807810044,0.326479931886782
All,0.401171284085186,0.106890550461814,1.57961670123848
