type,location,mid,lo,hi
model,Côte d'Ivoire,0.0701113101152367,0.0217320408128888,0.16617570615477
model,Cameroon,0.439872041770333,0.344095109526007,0.535578939052489
model,Cambodia,0.2413986289525,0.184775389879385,0.307558676626132
model,Sierra Leone,0.269554698329883,0.199172490131059,0.349065879837613
model,All,0.220530434570648,0.0246614010731775,0.628556638828739
