location,alpha,alpha.lo,alpha.hi
All,0.211812978863965,0.0516981146809652,0.569837504278766
Cambodia,0.290885760701661,0.172761891118795,0.446210515642346
Cameroon,0.278530623092239,0.168801079344513,0.423267135287465
Côte d'Ivoire,0.0358693782036516,0.0158610807940319,0.0790891926554003
Mozambique,0.337019335856739,0.278139776216616,0.401431684191963
Sierra Leone,0.150140416007717,0.112108378127154,0.198194572407146
Uganda,0.332037838164914,0.234960907958059,0.445848870240778
