location,mid,lo,hi
Cambodia,0.000423239488761151,0.000248710646289146,0.000688791848048266
Cameroon,0.00170091393491774,0.000979907246999617,0.0027757211538747
Côte d'Ivoire,0.000107863986680264,4.46026367033192e-05,0.000225313107030831
Mozambique,0.00166932950334562,0.0013877162813507,0.00201162840431916
Sierra Leone,0.00106209451547962,0.000781502234208015,0.00140708477592255
Uganda,0.000495053391077477,0.00033171701394746,0.000709000524281134
All,0.000737362961727752,0.000221853102155848,0.00295791621093562
